FullPeptideName,ProteinName,Concentration,QconCAT
LLALDPDTGAEIWR,Q88MX4,300,1
LSDQEVAEVVNFIR,Q88HH6,300,1
GEPLTLALDATQPIEALAEAVDHWLK,Q88HE4,300,1
VVDTVGAGDAFAVGVLSALLEGRPVAEAVAR,Q88HH9,300,1
GAGLDVFVHEPLPIDSPLLQLDNVVATPHIGSATEETR,Q88HI1,300,1
MAFSPAEQGASAFTSALEHLK,Q88P43,300,1
EEDILPLADALAAGGIR,Q88P29,300,1
ALAPITGDGLSTSVVR,Q88P31,300,1
WAGVPFYLR,Q88C32,300,1
LASEHLDWAK,Q88P30,300,1
DAITGLEGEGAQGAHDLGALVQK,Q88FP6,300,1
MQPYAIAPSILSADFAR,Q88QS3,300,1
LVPVLGAFPLPVEVIPMAR,Q88CN0,300,1
STPNLDTWRPADAVESAVSWK,Q88D62,300,1
LKPVDATTNPSLLLK,Q88KX1,300,1
ALPGEGGHVDLPVGNAR,Q88P42,300,1
QMLDHAAEFGYGVPAFNVNNLEQMR,Q88D67,300,1
YVGELLAGETGPLKK,Q88CY9,300,1
TPHDVTALPAWK,Q88LW9,300,1
TPHDVTALPAWQALQK,Q88DW7,300,1
VQLLYGGSVK,Q88DV4,300,1
GADATVVYGVNHDILR,Q88P44,300,1
EELADVVGQQNASAR,Q88KZ0,300,1
VSVPLPVDVVVAK,Q88D64,300,1
EGGVLADVAPTMLK,Q88CX4,300,1
FNQIGSLTETLEAIQMAK,Q88MF9,300,1
IVATLGPASNSPEVIEQLILAGLDVAR,Q88N54,300,1
LMLPLSLSYDHR,Q88QZ6,300,1
AMVEDLSDEEIWK,Q88QZ5,300,1
LEEIALTDPYFIER,Q88FA4,150,2
AIGSADLTVASVLSGNR,Q88L24,150,2
VQTGSTVVSTSTR,Q88KF1,150,2
LAPNITATDLVLALTEFLR,Q88KF4,150,2
LVSSSGFGDEMIK,Q88FS2,150,2
VLANTLDQATGK,Q88FS1,150,2
LGFMSFFVK,Q88FB0,150,2
LLELPEGFVVQR,Q88FA9,150,2
FAALQDAGVK,Q88FB3,150,2
VLAESGLNIIAATSLTDAAQQVVK,Q88FB2,150,2
IEALELQNLLEVAEATAIAAEAR,Q88FA7,150,2
LASLDDPFSVFR,Q88FA8,150,2
SQRPVNLDLR,Q88FA5,150,2
VTNVTNLSR,Q88FA6,150,2
AVDNFPISGQR,Q88PA6,150,2
LLPAVTELSSGLAELSMR,Q88M20,150,2
MAMLNPSDSIVDWVLK,Q88PF3,150,2
IIELPLDAQEQAMFDHSADQVAR,Q88Q44,150,2
VDAAGGFAQPALAAAR,Q88GX6,150,2
TLATDAALYHK,Q88PU7,150,2
AYGIASTGAPPMSVPHLDTR,Q88NF9,150,2
LGTEVVTSR,Q88IS4,150,2
LAADVSGVPTIILAR,Q88FI0,150,2
FALNAANAR,Q88QX8,150,2
VDITGVGVK,Q88C37,150,2
SGQFNTSFVESHPELTNYSIK,Q88C36,150,2
QQHGDAFLQK,Q88MR4,150,2
SDYPNQVNNVLGFPFIFR,Q88CU5,150,2
